WKT,name,description
"POLYGON ((106.793079 -6.3550881, 106.8040653 -6.3233544, 106.7793461 -6.3192595, 106.7711063 -6.3574766, 106.7405506 -6.3612299, 106.7285343 -6.4714285, 106.7968556 -6.4629001, 106.8174549 -6.4663115, 106.8974491 -6.4789335, 106.922855 -6.4571007, 106.956844 -6.4226439, 106.955814 -6.3864788, 106.9187351 -6.3598651, 106.890926 -6.3779489, 106.8535038 -6.3448516, 106.8198582 -6.3666893, 106.793079 -6.3550881))",Kota Administrasi Depok, Jawa Barat ,
